"id","treeID","creatorID","specID","easting","northing","height","DBH","remarks","plot"
1,"b00001","jk","FIG",477490.9,5632269.48,NA,0.15,NA,"fs-049"
2,"b00002","jk","BUR",477577.44,5632278.02,NA,0.08,NA,"fs-048"
3,"b00003","jk","FIG",477490.76,5632269.93,NA,0.08,"tot","fs-049"
6,"b00006","jk","FIG",477493.29,5632269.77,NA,0.1,"tot","fs-049"
9,"b00009","GHKLRRS","BUR",477393.6,5631904.1,7.1,0.3,NA,"fs-024"
13,"b00013","dg","EIT",477350.58,5632173.92,NA,0.41,NA,"fs-032"
14,"b00014","dg","BUR",477230.35,5631662.31,NA,0.59,NA,"fs-041"
15,"b00015","BHW","BUR",477567.65,5632277.61,19,0.21,"Plakette neu gesetzt dg 31.8.2018","fs-048"
21,"b00400","KSW","BUR",477198.99,5631805.8,18,0.45,NA,"fs-040"
22,"b00401","KSW","BUR",477203.32,5631808.12,19,0.37,NA,"fs-040"
23,"b00402","KSW","BUR",477205.18,5631807.84,9,0.16,NA,"fs-040"
24,"b00403","KSW","BUR",477205.26,5631803.22,22,0.48,NA,"fs-040"
25,"b00404","KSW","BUR",477200.81,5631797.53,12,0.16,NA,"fs-040"
26,"b00405","KSW","BUR",477200.77,5631796.08,19,0.37,NA,"fs-040"
27,"b00406","KSW","BUR",477189.69,5631799.07,24,0.38,NA,"fs-040"
28,"b00407","KSW","BUR",477192,5631806.22,18,0.4,NA,"fs-040"
29,"b00408","KSW","BUR",477245.78,5631625.11,29,0.73,NA,"fs-041"
30,"b00409","KSW","BUR",477240.81,5631629.05,25,0.59,NA,"fs-041"
31,"b00410","KSW","BUR",477482.53,5631633.66,7.9,0.22,NA,"fs-042"
32,"b00411","KSW","LAE",477482.53,5631629.27,16.5,0.33,NA,"fs-042"
33,"b00412","KSW","BUR",477485.84,5631628.4,6.5,0.14,NA,"fs-042"
34,"b00413","KSW","BUR",477484.98,5631618.3,8,0.14,NA,"fs-042"
35,"b00414","KSW","BUR",477484.14,5631618.12,8,0.13,NA,"fs-042"
36,"b00415","KSW","HBU",477481.53,5631618.76,8,0.17,NA,"fs-042"
37,"b00416","KSW","LAE",477479.59,5631619.5,18,0.36,NA,"fs-042"
38,"b00417","KSW","BUR",477477.31,5631617.5,7,0.14,NA,"fs-042"
39,"b00418","KSW","BUR",477475.17,5631623.45,9,0.23,NA,"fs-042"
40,"b00419","KSW","LAE",477471.89,5631626,14,0.32,NA,"fs-042"
41,"b00420","BHW","BUR",477661.55,5632265.6,11,0.1,NA,"fs-047"
42,"b00421","BHW","BUR",477661.74,5632266,10,0.08,NA,"fs-047"
43,"b00422","BHW","BUR",477661.81,5632267.7,12,0.12,NA,"fs-047"
44,"b00423","BHW","BUR",477661.3,5632268.28,13,0.15,NA,"fs-047"
45,"b00424","BHW","BUR",477660.94,5632267.63,13,0.12,NA,"fs-047"
46,"b00425","BHW","BUR",477660.49,5632267.13,11,0.08,NA,"fs-047"
47,"b00426","BHW","BUR",477659.45,5632265.25,12,0.11,NA,"fs-047"
48,"b00427","BHW","BUR",477659.6,5632267.1,11,0.08,NA,"fs-047"
49,"b00428","BHW","BUR",477659.11,5632268.28,8,0.07,NA,"fs-047"
50,"b00429","BHW","BUR",477658.28,5632264.2,13,0.14,NA,"fs-047"
51,"b00430","BHW","BUR",477656.89,5632267.91,10,0.1,NA,"fs-047"
52,"b00431","BHW","FIG",477655.05,5632267.42,11,0.11,NA,"fs-047"
53,"b00432","BHW","BUR",477655.11,5632264.35,16,0.25,NA,"fs-047"
54,"b00433","BHW","BUR",477653.98,5632266.15,10,0.08,NA,"fs-047"
55,"b00434","BHW","BUR",477653.13,5632266.05,11,0.09,NA,"fs-047"
56,"b00435","BHW","BUR",477651.99,5632265.91,11,0.09,NA,"fs-047"
57,"b00436","BHW","BIG",477651.77,5632263,16,0.37,NA,"fs-047"
58,"b00437","BHW","BUR",477649.54,5632262.58,9,0.08,NA,"fs-047"
59,"b00438","BHW","BUR",477648.56,5632257.94,14,0.15,NA,"fs-047"
60,"b00439","BHW","HAS",477654.42,5632257.82,9,0.08,"mehrstämmig","fs-047"
61,"b00520","BHW","BUR",477501.38,5632278.07,11,0.13,NA,"fs-049"
62,"b00521","BHW","FIG",477494.75,5632274.97,17,0.11,NA,"fs-049"
63,"b00522","BHW","FIG",477494.03,5632274.26,9,0.11,NA,"fs-049"
64,"b00523","BHW","FIG",477492.32,5632272.41,11,0.09,NA,"fs-049"
65,"b00524","BHW","FIG",477492.56,5632274.28,17,0.1,NA,"fs-049"
66,"b00525","BHW","FIG",477490.63,5632275.64,17,0.1,NA,"fs-049"
67,"b00526","BHW","BUR",477571.47,5632283.37,NA,0.09,"tot","fs-048"
68,"b00527","BHW","BUR",477574.44,5632288.1,8,0.09,"tot","fs-048"
69,"b00528","BHW","BUR",477580.68,5632291.07,10,0.09,"tot","fs-048"
70,"b00529","BHW","BUR",477578.03,5632284.54,13,0.09,"tot","fs-048"
71,"b00530","BHW","BUR",477580.21,5632277.33,6,0.08,"tot","fs-048"
72,"b00531","jk","BUR",477415.37,5631972.04,NA,0.51,"Kontrollplot exc-001","fs-006"
73,"b00532","jk","BUR",477411.09,5631968.86,NA,0.47,"steht in exc-001","fs-006"
84,"b00543","jk","BUR",477704.41,5631924.46,NA,0.38,NA,"fs-044"
85,"b00544","jk","BUR",477695.35,5631711.47,NA,0.15,NA,"fs-046"
86,"b00545","jk","BUR",477693.8,5631711.29,NA,0.18,NA,"fs-046"
87,"b00546","jk","BUR",477688.06,5631710.92,NA,0.33,NA,"fs-046"
88,"b00547","jk","BUR",477683.42,5631725.36,NA,0.3,"tot. liegt schief","fs-046"
116,"b00616","KSW","BUR",477241.58,5631635.65,20,0.65,"vorhandener HabTree. Plakette von jg","fs-041"
122,"b00624","dg","BUR",477480,5631719.22,NA,0.37,"Zwiesel","fs-013"
128,"b00630","jg","BUR",477485.69,5631797.12,NA,0.58,"Zwiesel","fs-002"
132,"b00640","BHW","FIG",477653.58,5632257.67,19,0.34,NA,"fs-047"
133,"b00641","BHW","BUR",477650.14,5632255.27,9,0.09,NA,"fs-047"
134,"b00642","BHW","BUR",477650.37,5632253.92,14,0.3,NA,"fs-047"
135,"b00643","BHW","BUR",477654.17,5632255.75,12,0.09,NA,"fs-047"
136,"b00644","BHW","BUR",477654.74,5632255.86,16,0.17,NA,"fs-047"
137,"b00645","BHW","BUR",477655.44,5632255.85,10,0.09,NA,"fs-047"
138,"b00646","BHW","BUR",477574.22,5632290.73,15,0.18,NA,"fs-048"
139,"b00647","BHW","BUR",477574.65,5632292.22,16,0.11,NA,"fs-048"
140,"b00648","BHW","BUR",477574.96,5632291.13,16,0.1,NA,"fs-048"
141,"b00649","BHW","BUR",477575.64,5632291.82,17,0.13,NA,"fs-048"
142,"b00650","BHW","BUR",477578.21,5632291.54,17,0.11,NA,"fs-048"
143,"b00651","BHW","BUR",477576.32,5632287.83,18,0.16,NA,"fs-048"
144,"b00652","BHW","BUR",477577.58,5632288.54,15,0.1,NA,"fs-048"
145,"b00653","BHW","BUR",477579.04,5632289.77,12,0.09,NA,"fs-048"
146,"b00654","BHW","BUR",477580.51,5632289.36,17,0.11,NA,"fs-048"
147,"b00655","BHW","BUR",477581.18,5632289.81,11,0.08,NA,"fs-048"
148,"b00656","BHW","BUR",477575.86,5632285.75,23,0.38,NA,"fs-048"
149,"b00657","BHW","BUR",477582.34,5632288.77,19,0.23,NA,"fs-048"
150,"b00658","BHW","BUR",477578.69,5632285.14,22,0.28,NA,"fs-048"
151,"b00659","BHW","BUR",477580.97,5632278.5,18,0.14,NA,"fs-048"
152,"b00660","BHW","BUR",477578.32,5632278.19,11,0.08,"tot","fs-048"
153,"b00661","BHW","BUR",477576.71,5632278,24,0.28,NA,"fs-048"
154,"b00662","BHW","BUR",477576.41,5632276.5,19,0.11,NA,"fs-048"
155,"b00663","BHW","BUR",477574.87,5632275.6,22,0.24,NA,"fs-048"
156,"b00664","BHW","BUR",477574.39,5632275.59,9,0.09,NA,"fs-048"
157,"b00665","BHW","BUR",477572.42,5632280.6,17,0.12,NA,"fs-048"
158,"b00666","BHW","BUR",477571.23,5632279.4,18,0.12,NA,"fs-048"
159,"b00667","BHW","BUR",477570.53,5632280.15,21,0.16,NA,"fs-048"
160,"b00668","BHW","BUR",477568.68,5632278.84,19,0.15,NA,"fs-048"
161,"b00669","BHW","BUR",477568.94,5632280.35,20,0.1,NA,"fs-048"
162,"b00670","BHW","BUR",477569.22,5632282.37,21,0.2,NA,"fs-048"
163,"b00671","BHW","BUR",477566.86,5632285.64,NA,0.19,NA,"fs-048"
164,"b00672","BHW","BUR",477566.54,5632286.45,20,0.38,NA,"fs-048"
172,"b00680","BHW","BUR",477501.61,5632279.89,15,0.11,NA,"fs-049"
173,"b00681","BHW","BUR",477500.99,5632274.33,10,0.13,NA,"fs-049"
174,"b00682","BHW","BUR",477498.94,5632274.9,15,0.18,NA,"fs-049"
175,"b00683","BHW","BUR",477499.27,5632274.16,5,0.11,NA,"fs-049"
176,"b00684","BHW","BUR",477499.6,5632273.11,15,0.17,NA,"fs-049"
177,"b00685","BHW","BUR",477500.39,5632272.1,17,0.25,NA,"fs-049"
178,"b00686","BHW","FIG",477497.82,5632271.73,12,0.09,NA,"fs-049"
179,"b00687","BHW","FIG",477497.31,5632270.07,16,0.26,NA,"fs-049"
180,"b00688","BHW","FIG",477496.05,5632272.75,12,0.13,NA,"fs-049"
181,"b00689","BHW","FIG",477495.35,5632274.02,15,0.25,NA,"fs-049"
182,"b00690","BHW","FIG",477495.12,5632271.82,17,0.32,NA,"fs-049"
183,"b00691","BHW","FIG",477494.3,5632269.21,15,0.21,NA,"fs-049"
184,"b00692","BHW","FIG",477493.07,5632271.02,21,0.28,NA,"fs-049"
185,"b00693","BHW","FIG",477490.67,5632271.27,15,0.12,NA,"fs-049"
186,"b00694","BHW","FIG",477491.03,5632273.41,20,0.3,NA,"fs-049"
187,"b00695","BHW","FIG",477492.31,5632276.82,18,0.22,NA,"fs-049"
188,"b00696","BHW","FIG",477488.57,5632275.3,18,0.18,NA,"fs-049"
189,"b00697","BHW","FIG",477490.86,5632276.92,19,0.18,NA,"fs-049"
190,"b00698","BHW","FIG",477487.19,5632276.64,19,0.2,NA,"fs-049"
191,"b00699","BHW","FIG",477493.05,5632278.71,18,0.26,NA,"fs-049"
192,"b00700","BHW","FIG",477490.47,5632278.18,20,0.24,NA,"fs-049"
193,"b00701","BHW","FIG",477486.65,5632277.49,19,0.21,NA,"fs-049"
194,"b00702","BHW","ASP",477492.06,5632281.32,18,0.2,NA,"fs-049"
195,"b00703","BHW","ASP",477491.47,5632281.47,NA,0.13,"abgebrochen auf 1.6 m. Stamm liegt daneben","fs-049"
196,"b00704","BHW","BUR",477488.47,5632282.21,17,0.18,NA,"fs-049"
197,"b00705","BHW","FIG",477488.27,5632283.01,18,0.32,NA,"fs-049"
198,"b00706","BHW","ASP",477491.33,5632282.51,19,0.27,NA,"fs-049"
199,"b00707","BHHK","BUR",477909.11,5632312.05,16.4,0.3,"Zwiesel","fs-045"
200,"b00708","BHHK","BUR",477910.47,5632315.79,15.6,0.23,NA,"fs-045"
201,"b00709","BHHK","BUR",477914.65,5632314.58,12.3,0.28,NA,"fs-045"
202,"b00710","BHHK","BUR",477905.88,5632305.32,7.8,0.19,NA,"fs-045"
203,"b00711","BHHK","EIT",477906.57,5632307.29,24,0.52,NA,"fs-045"
204,"b00712","BHHK","BUR",477905.58,5632309,8.6,0.2,NA,"fs-045"
205,"b00713","BHHK","EIT",477904.02,5632315.89,25.2,0.71,NA,"fs-045"
206,"b00714","BHHK","EIT",478007.34,5632273,18,0.47,NA,"fs-050"
207,"b00715","BHHK","BUR",478007.97,5632274.23,12,0.22,NA,"fs-050"
208,"b00716","BHHK","BUR",478005.04,5632281.48,11,0.25,NA,"fs-050"
209,"b00717","BHHK","BUR",478013.65,5632279.64,10.5,0.24,NA,"fs-050"
210,"b00718","BHHK","BUR",478013.18,5632274.36,10.3,0.21,NA,"fs-050"
211,"b00719","BHHK","BUR",478016.6,5632273,15.5,0.15,NA,"fs-050"
212,"b00723","BHHK","EIT",478015.34,5632271.88,10,0.48,NA,"fs-050"
213,"b00724","BHHK","BUR",478007.65,5632269.29,16,0.26,NA,"fs-050"
214,"b00725","BHHK","BUR",478002.86,5632267.85,7,0.12,NA,"fs-050"
215,"b00726","BHHK","EIT",478001.4,5632273,16,0.48,NA,"fs-050"
216,"b00727","BHHK","BUR",478001.65,5632274.3,8.5,0.19,NA,"fs-050"
217,"b00728","dg","FIG",476507.81,5631966.69,36.5,0.46,NA,"de-004"
218,"b00729","dg","DGL",476496.51,5631970.69,36.5,0.48,NA,"de-003"
219,"b00730","dg","FIG",476496.81,5631962.44,36.5,0.61,NA,"de-004"
220,"b00731","dg","FIG",476493.41,5631966.87,36.5,0.44,NA,"de-004"
221,"b00732","dg","DGL",476490.66,5631970.93,36.5,0.49,NA,"de-003"
222,"b00733","dg","DGL",476488.78,5631971.53,36.5,0.34,NA,"de-003"
223,"b00734","dg","DGL",476488.56,5631966.79,36.5,0.67,NA,"de-003"
224,"b00735","dg","DGL",476480.7,5631972.65,36.5,0.69,NA,"de-003"
225,"b00736","dg","FIG",476487.76,5631979.28,36.5,0.55,NA,"de-004"
226,"b00737","dg","FIG",476487.43,5631981.67,36.5,0.29,NA,"de-004"
227,"b00738","dg","DGL",476484.15,5631982.07,36.5,0.74,NA,"de-003"
228,"b00739","dg","FIG",476488.17,5631987.06,36.5,0.41,NA,"de-004"
229,"b00740","dg","DGL",476484.7,5631988.04,36.5,0.58,NA,"de-003"
230,"b00741","dg","DGL",476495.77,5631990.38,36.5,0.86,NA,"de-003"
231,"b00742","dg","DGL",476491.03,5631993.77,36.5,0.57,NA,"de-003"
232,"b00743","dg","FIG",476494.09,5631997.23,36.5,0.62,"2019-03-28 gefällt in März 2019 und abgeräumt nur noch Stumpf","de-004"
233,"b00744","dg","FIG",476498.77,5631988.18,36.5,0.39,NA,"de-004"
234,"b00745","dg","DGL",476496.08,5631983.57,36.5,0.68,NA,"de-003"
235,"b00746","dg","DGL",476501.35,5631982.63,36.5,0.69,NA,"de-003"
236,"b00747","dg","BUR",477406.96,5631975,17,0.2,"umgefallen mit Wurzelteller bei Fällung von b00920","fs-006"
260,"b00787","jg","BUR",477871.75,5632262.5,NA,0.27,". Specht und zwiesel. . /2019-03-19 auf plot eingemessen","fs-038"
268,"b00802","GHKLRRS","BUR",477352.85,5631882.5,13.4,0.2,NA,"fs-023"
269,"b00803","jk","BUR",477652.58,5632265.99,NA,0.08,NA,"fs-047"
277,"b00811","dg","BUR",477444.46,5631979.1,NA,0.54,"wurde Februar 2019 geringelt","fs-006"
278,"b00812","dg","BUR",477419.54,5631965.69,NA,0.57,"wurde Februar 2019 geringelt","fs-006"
281,"b00815","jk","BUR",477518.84,5631786.76,NA,0.51,NA,"fs-010"
282,"b00816","SBSF","BUR",477564.63,5631787.89,56.2,0.48,NA,"fs-010"
287,"b00821","DGLJS","BUR",477842.2,5632236.82,9,0.16,"oben offen. keine Krone. tot","dm-003"
288,"b00822","DGLJS","BUR",477851.49,5632237.93,22.4,0.23,"Spalt bis Fuß","dm-003"
289,"b00840","dg","BUR",477609.75,5631929.6,35,0.5,"umgefallen mit Wurzelteller im Orkantief Burglind 2018-01-03","exc-004"
291,"b00842","dg","EIT",477416.51,5632097.56,NA,1.34,NA,"fs-031"
293,"b00845","jk","BUR",477500.08,5632276.63,NA,0.08,NA,"fs-049"
294,"b00846","jk","FIG",477490.05,5632271.7,NA,0.1,"tot","fs-049"
295,"b00847","jk","BUR",477500.16,5632286.91,NA,0.09,"tot","fs-049"
296,"b00848","BHW","BUR",477564.34,5632285.17,20,0.29,"Plakette neu gesetzt dg 31.8.2018","fs-048"
299,"b00851","dg","EIT",477399.28,5632265.05,NA,1.19,NA,"fs-014"
328,"b00880","DGLJS","BUR",477364.19,5632159.32,24.1,0.54,NA,"fs-032"
329,"b00881","DGLJS","BUR",477355.23,5632161.62,8.4,0.45,NA,"fs-032"
330,"b00882","dg","BUR",477510.13,5631715.61,NA,0.32,NA,"fs-013"
331,"b00884","KSW","BUR",477710.3,5631727.21,28,0.62,NA,"fs-039"
332,"b00885","KSW","BUR",477704.17,5631721.52,25,0.54,NA,"fs-039"
333,"b00886","KSW","BUR",477702.1,5631732.84,5,0.13,NA,"fs-039"
334,"b00887","KSW","BUR",477705.06,5631732.39,28,0.7,NA,"fs-039"
335,"b00888","KSW","BUR",477718.95,5631726.74,24,0.6,NA,"fs-039"
340,"b00893","jk","EIT",477585.71,5631878.35,NA,0.49,NA,"fs-043"
344,"b00897","KSW","BUR",477607.33,5631531.6,18,0.32,NA,"fs-037"
345,"b00898","KSW","BUR",477604.58,5631538.19,20,0.48,NA,"fs-037"
346,"b00899","KSW","BUR",477604.83,5631543.68,11,0.16,NA,"fs-037"
347,"b00900","KSW","EIT",477603.38,5631545.49,19,0.59,NA,"fs-037"
348,"b00901","KSW","EIT",477612.49,5631547.07,20,0.45,NA,"fs-037"
349,"b00902","KSW","BUR",477604.53,5631610.3,10,0.19,NA,"fs-036"
350,"b00903","KSW","EIT",477591.44,5631614.41,22,0.56,NA,"fs-036"
351,"b00904","KSW","BUR",477598.83,5631621.59,19,0.45,NA,"fs-036"
352,"b00905","KSW","EIT",477599.14,5631627.1,20,0.57,NA,"fs-036"
353,"b00906","KSW","BUR",477605.13,5631619.6,12,0.29,NA,"fs-036"
354,"b00907","KSW","EIT",477606.21,5631614.7,20,0.5,NA,"fs-036"
355,"b00908","dg","FIG",476504.93,5631989.83,36.5,0.51,NA,"de-004"
356,"b00909","dg","FIG",476508.36,5631986.15,36.5,0.57,NA,"de-004"
357,"b00910","dg","FIG",476510.32,5631988.6,36.5,0.76,"2019-03-28 gefällt in März 2019 und abgeräumt nur noch Stumpf","de-004"
358,"b00911","dg","DGL",476510.91,5631996.67,36.5,0.63,NA,"de-003"
359,"b00912","dg","FIG",476505.65,5631994.25,36.5,0.39,NA,"de-004"
360,"b00913","dg","FIG",476506.14,5631998.38,36.5,0.49,NA,"de-004"
361,"b00914","dg","DGL",476499.61,5632002.18,36.5,0.59,NA,"de-003"
362,"b00915","dg","FIG",476510.15,5632008.34,36.5,0.49,NA,"de-004"
363,"b00916","dg","DGL",476516.13,5632015.52,36.5,0.67,NA,"de-003"
364,"b00917","dg","DGL",476525.68,5632004.99,36.5,0.59,NA,"de-003"
365,"b00918","dg","FIG",476516.67,5631993.9,36.5,0.45,"2019-03-28 gefällt in März 2019 und abgeräumt nur noch Stumpf","de-004"
366,"b00919","dg","BUR",476514.53,5631976.19,NA,NA,"2019-03-20 Buche Core beprobt in FIG-DGL Plot","de-003"
367,"b00920","dg","BUR",477400.03,5631978.26,NA,0.54,"wurde Februar 2019 gefällt und bleibt liegen","fs-006"
368,"b00921","dg","BUR",477347.08,5631879.2,NA,0.66,NA,"fs-023"
369,"b00922","dg","BUR",477417.79,5631993.44,NA,0.51,"wurde Februar 2019 gefällt und bleibt liegen","fs-006"
370,"b00923","jk","BUR",477657.76,5632266.95,NA,0.07,NA,"fs-047"
373,"b00927","dg","BUR",477348.13,5632041.26,NA,0.32,NA,"fs-005"
377,"b00931","BHW","BUR",477564.36,5632287.69,20,0.26,"Plakette neu gesetzt dg 31.8.2018","fs-048"
378,"b00932","DGLJS","BUR",477563.64,5632125.32,15.7,0.21,NA,"fs-034"
479,"r00001","GRLGS","HBU",477824.38,5632172.71,21.6,0.25,NA,"fs-001"
480,"r00002","GRLGS","EIT",477826.47,5632172.96,38.8,0.51,NA,"fs-001"
481,"r00003","GRLGS","HBU",477819.38,5632174.21,20.4,0.22,NA,"fs-001"
482,"r00004","GRLGS","EIT",477819.48,5632177.85,39,0.56,NA,"fs-001"
483,"r00005","GRLGS","BUR",477826.99,5632176.69,33.6,0.25,NA,"fs-001"
484,"r00006","GRLGS","BUR",477829.18,5632179.2,26.6,0.22,NA,"fs-001"
485,"r00007","GRLGS","BUR",477820.49,5632181.02,33.6,0.21,NA,"fs-001"
486,"r00008","GRLGS","BUR",477827.89,5632170.32,19.6,0.18,NA,"fs-001"
487,"r00009","GRLGS","EIT",477829.87,5632166.26,37.2,0.57,NA,"fs-001"
488,"r00010","GRLGS","EIT",477828.2,5632167.68,36.6,0.48,NA,"fs-001"
489,"r00011","GRLGS","BUR",477819.12,5632164.83,29.6,0.3,NA,"fs-001"
490,"r00013","DGLJS","EIT",477368.78,5632160.33,17.9,0.51,NA,"fs-032"
491,"r00014","DGLJS","EIT",477364.72,5632166.14,13.8,0.49,NA,"fs-032"
492,"r00015","DGLJS","BUR",477357.92,5632170.38,16.7,0.45,NA,"fs-032"
493,"r00017","DGLJS","BUR",477354.26,5632168.25,15.5,0.49,NA,"fs-032"
494,"r00018","DGLJS","BUR",477360.54,5632153.41,9.8,0.14,NA,"fs-032"
495,"r00019","DGLJS","BUR",477366.8,5632170.75,7.1,0.1,NA,"fs-032"
496,"r00020","DGLJS","BUR",477361.79,5632155.66,9.8,0.1,NA,"fs-032"
497,"r00021","DGLJS","BUR",477243.97,5631811.91,23.7,0.54,NA,"fs-033"
498,"r00022","DGLJS","BUR",477248.76,5631813.1,31.4,0.46,NA,"fs-033"
499,"r00023","DGLJS","BUR",477250.39,5631818.74,34.1,0.48,NA,"fs-033"
500,"r00024","DGLJS","BUR",477256.53,5631813.16,21.4,0.42,NA,"fs-033"
501,"r00025","DGLJS","BUR",477259.12,5631820.66,19.9,0.3,NA,"fs-033"
502,"r00026","DGLJS","BUR",477467.1,5631828.51,22.1,0.53,NA,"fs-029"
503,"r00027","DGLJS","BUR",477465.36,5631827.51,11.1,0.14,NA,"fs-029"
504,"r00028","DGLJS","BUR",477469.49,5631833.35,30.4,0.46,NA,"fs-029"
505,"r00029","DGLJS","BUR",477475.27,5631833.9,11.3,0.14,NA,"fs-029"
506,"r00030","DGLJS","BUR",477478.17,5631832.79,24.7,0.51,"Abt. 3 mittelhang. dm-005","fs-029"
507,"r00031","DGLJS","BUR",477474.94,5631824.9,7.2,0.11,NA,"fs-029"
508,"r00032","DGLJS","BUR",477477.96,5631827.08,9.3,0.07,NA,"fs-029"
509,"r00033","DGLJS","BUR",477464.12,5631823.32,21.6,0.51,NA,"fs-029"
510,"r00034","DGLJS","BUR",477460.42,5631831.71,8.6,0.17,NA,"fs-029"
511,"r00035","DGLJS","EIT",477462.87,5631834.38,20.3,0.37,"Abt. 3 mittelhang. dm-005","fs-029"
512,"r00037","DGLJS","BUR",477712.14,5632076.58,11.8,0.13,NA,"fs-030"
513,"r00038","DGLJS","BUR",477716.63,5632071.29,11.8,0.12,NA,"fs-030"
514,"r00039","DGLJS","BUR",477713.96,5632070.35,11.8,0.17,NA,"fs-030"
515,"r00040","DGLJS","BUR",477907.04,5632166.7,24.8,0.25,NA,"fs-027"
516,"r00041","DGLJS","EIT",477914.23,5632160.59,28.8,0.58,NA,"fs-027"
517,"r00042","DGLJS","BUR",477916.4,5632160.97,10.1,0.28,NA,"fs-027"
518,"r00043","DGLJS","EIT",477915.51,5632157.03,30.3,0.56,NA,"fs-027"
519,"r00044","DGLJS","EIT",477905.21,5632160.39,26,0.55,NA,"fs-027"
520,"r00045","DGLJS","BUR",477408.08,5632086.17,23.3,0.44,NA,"fs-031"
521,"r00046","DGLJS","EIT",477407.57,5632076.95,13.4,0.32,NA,"fs-031"
522,"r00047","DGLJS","BUR",477407.42,5632090.18,13.6,0.51,NA,"fs-031"
523,"r00048","DGLJS","BUR",477399.49,5632086.64,18.4,4.39,NA,"fs-031"
524,"r00049","DGLJS","EIT",477395.85,5632089.52,17.9,0.78,NA,"fs-031"
525,"r00050","GRLGS","DGL",477395.85,5632038.67,31.2,0.22,NA,"fs-004"
526,"r00051","GRLGS","BUR",477393.56,5632037.84,8.8,0.11,NA,"fs-004"
527,"r00052","GRLGS","DGL",477390.73,5632039.08,39,0.68,NA,"fs-004"
528,"r00053","GRLGS","BUR",477399.34,5632036.95,16.6,0.2,NA,"fs-004"
529,"r00054","GRLGS","BUR",477400.11,5632035.17,32.6,0.25,NA,"fs-004"
530,"r00055","GRLGS","BUR",477396.02,5632033.74,26.6,0.35,NA,"fs-004"
531,"r00056","GRLGS","BUR",477400.75,5632031.26,26.4,0.44,NA,"fs-004"
532,"r00057","GRLGS","BUR",477388.46,5632033.95,3.6,0.15,NA,"fs-004"
533,"r00058","GRLGS","DGL",477386.67,5632035.56,36,0.89,NA,"fs-004"
534,"r00059","GRLGS","BUR",477389.85,5632041.03,8.2,0.18,NA,"fs-004"
535,"r00060","GRLGS","BUR",477389.76,5632045.71,26,0.31,NA,"fs-004"
536,"r00061","GRLGS","BUR",477390.51,5632047.24,34.6,0.28,NA,"fs-004"
537,"r00062","GRLGS","BUR",477393.72,5632042.65,29.8,0.39,NA,"fs-004"
538,"r00063","GRLGS","DGL",477395.73,5632047.67,46.6,0.74,NA,"fs-004"
539,"r00064","GRLGS","EIT",477360.13,5632055.64,32.2,0.36,NA,"fs-005"
540,"r00065","GRLGS","BUR",477358.49,5632057.53,19.6,0.51,NA,"fs-005"
541,"r00066","GRLGS","BUR",477365.18,5632056.03,29,0.5,NA,"fs-005"
542,"r00067","GRLGS","BUR",477363.04,5632070.03,24.6,0.4,NA,"fs-005"
543,"r00068","GRLGS","DGL",477357.37,5632065.33,31.6,0.37,NA,"fs-005"
544,"r00069","GRLGS","DGL",477354.07,5632064.25,31.6,0.37,NA,"fs-005"
545,"r00070","GRLGS","DGL",477350.47,5632064.63,31.6,0.4,NA,"fs-005"
546,"r00071","GRLGS","DGL",477351.67,5632065.12,18.8,0.1,NA,"fs-005"
547,"r00072","GRLGS","DGL",477352.51,5632066.44,31.6,0.23,NA,"fs-005"
548,"r00073","GRLGS","DGL",477356.4,5632067.36,31.6,0.44,NA,"fs-005"
549,"r00074","GRLGS","BUR",477421.44,5631983.49,37.2,0.54,NA,"fs-006"
550,"r00075","GRLGS","BUR",477417.44,5631987.13,38.2,0.45,NA,"fs-006"
551,"r00076","GRLGS","BUR",477415.02,5631987.28,21.8,0.17,NA,"fs-006"
552,"r00077","dg","BUR",477424.41,5631991.93,NA,0.15,NA,"fs-006"
553,"r00078","GRLGS","BUR",477425.2,5631990.23,45.6,0.57,NA,"fs-006"
554,"r00079","GRLGS","BUR",477424.56,5631987.13,31,0.27,NA,"fs-006"
555,"r00080","GRLGS","BUR",477409.88,5631980.9,51.6,0.59,NA,"fs-006"
556,"r00081","GHKLRRS","BUR",477362.44,5631884.7,12.1,0.18,NA,"fs-023"
557,"r00082","GHKLRRS","BUR",477356.82,5631880.53,15.2,0.18,NA,"fs-023"
558,"r00083","GHKLRRS","BUR",477357.22,5631876.28,11.4,0.14,NA,"fs-023"
559,"r00084","GHKLRRS","BUR",477363.52,5631870.48,27.9,0.6,NA,"fs-023"
560,"r00085","GHKLRRS","BUR",477371.05,5631871.27,32.5,0.45,NA,"fs-023"
561,"r00086","GHKLRRS","BUR",477370.34,5631877.83,27.9,0.5,NA,"fs-023"
562,"r00087","GHKLRRS","BUR",477349.09,5631747.68,30.7,0.69,NA,"fs-022"
563,"r00088","GHKLRRS","BUR",477341.74,5631761.8,22.4,0.6,NA,"fs-022"
564,"r00089","GHKLRRS","BUR",477349.2,5631760.87,22.5,0.48,NA,"fs-022"
565,"r00090","GHKLRRS","BUR",477356.5,5631756.58,22.6,0.54,NA,"fs-022"
566,"r00091","GHKLRRS","ESG",477407.25,5631910.32,26.8,0.41,NA,"fs-024"
567,"r00092","GHKLRRS","ESG",477404.61,5631905.82,31.5,0.48,"ZB HF","fs-024"
568,"r00093","GHKLRRS","ESG",477407.84,5631901.09,26.3,0.25,"tot","fs-024"
569,"r00094","GHKLRRS","ESG",477412.52,5631900.86,29.9,0.42,NA,"fs-024"
570,"r00095","GHKLRRS","ESG",477414.15,5631900.48,27.5,0.26,NA,"fs-024"
571,"r00096","GHKLRRS","BUR",477416.33,5631903.1,14.3,0.13,NA,"fs-024"
572,"r00097","GHKLRRS","HBU",477413.16,5631907.84,20.7,0.21,NA,"fs-024"
573,"r00098","GHKLRRS","ESG",477416.63,5631906.19,31.2,0.37,NA,"fs-024"
574,"r00099","GHKLRRS","BUR",477418.98,5631905.7,23,0.21,NA,"fs-024"
575,"r00100","GHKLRRS","BUR",477419.49,5631908.31,27.1,0.35,NA,"fs-024"
576,"r00101","GHKLRRS","BUR",477415.01,5631910.58,18.5,0.17,NA,"fs-024"
577,"r00102","GHKLRRS","BUR",477414.18,5631914.52,17.8,0.14,NA,"fs-024"
578,"r00103","GHKLRRS","ESG",477411.89,5631917.41,23.5,0.24,NA,"fs-024"
579,"r00104","GHKLRRS","ESG",477411.68,5631915.93,28,0.47,"ZB HF","fs-024"
580,"r00105","GHKLRRS","ESG",477409.2,5631916.61,23.2,0.22,NA,"fs-024"
581,"r00106","GHKLRRS","BUR",477406.06,5631917.58,18.5,0.23,NA,"fs-024"
582,"r00107","GHKLRRS","ESG",477406.51,5631911.6,24.8,0.29,NA,"fs-024"
583,"r00108","HSS","BUR",477695.1,5631727.79,30,0.72,NA,"fs-046"
584,"r00109","HSS","EIT",477690.14,5631728.86,27,0.49,NA,"fs-046"
585,"r00110","HSS","BUR",477689.05,5631724.36,6,0.14,NA,"fs-046"
586,"r00111","HSS","BUR",477688.25,5631724.89,8,0.13,NA,"fs-046"
587,"r00112","HSS","BUR",477686.2,5631719,26,0.45,NA,"fs-046"
588,"r00113","HSS","BUR",477683.15,5631719.69,28,0.53,NA,"fs-046"
589,"r00114","HSS","BUR",477688.55,5631717.58,7,0.13,NA,"fs-046"
590,"r00120","GRLGS","BUR",477500.54,5631615.51,14.6,0.12,NA,"fs-003"
591,"r00121","GRLGS","LAE",477504.4,5631622.38,37,0.31,NA,"fs-003"
592,"r00122","GRLGS","BUR",477507.76,5631618.07,31.6,0.29,NA,"fs-003"
593,"r00123","GRLGS","BUR",477501.26,5631613.97,16.2,0.16,NA,"fs-003"
595,"r00132","dg","BUR",477658.46,5632235.48,NA,0.2,"Plakette gesetzt von unbekannt. gefunden von dg am 31.8.2018. viele tote Äste. bemoost","fs-047"
597,"r00144","HSS","BUR",477708.9,5631930.75,6,0.16,NA,"fs-044"
598,"r00145","HSS","BUR",477716.15,5631931.54,20,0.39,NA,"fs-044"
599,"r00146","HSS","BUR",477714.94,5631925.89,19,0.39,NA,"fs-044"
600,"r00147","HSS","BUR",477717.23,5631927.49,15,0.27,NA,"fs-044"
601,"r00148","HSS","BUR",477705.62,5631930.78,22,0.33,NA,"fs-044"
602,"r00149","HSS","EIT",477706.49,5631933.6,17,0.46,NA,"fs-044"
603,"r00150","HSS","EIT",477713.4,5631938.21,22,0.48,NA,"fs-044"
604,"r00151","HSS","BUR",477709.54,5631938.67,16,0.2,NA,"fs-044"
605,"r00152","HSS","BUR",477713.38,5631923.51,16,0.23,NA,"fs-044"
606,"r00153","HSS","BUR",477708.97,5631921.69,22,0.34,NA,"fs-044"
607,"r00154","HSS","BUR",477718.84,5631923.68,23,0.26,NA,"fs-044"
608,"r00155","HSS","BUR",477701.42,5631929.71,11,0.11,NA,"fs-044"
609,"r00156","HSS","BUR",477579.34,5631884.58,9,0.13,NA,"fs-043"
610,"r00157","HSS","BUR",477578.64,5631879.15,11,0.21,NA,"fs-043"
611,"r00158","HSS","BUR",477583.58,5631875.81,9,0.18,NA,"fs-043"
612,"r00159","HSS","BUR",477581.62,5631874.01,29,0.62,NA,"fs-043"
613,"r00160","GRLGS","BUR",477503.74,5631625.81,19,0.16,NA,"fs-003"
614,"r00161","GRLGS","BUR",477499.31,5631615.64,21.6,0.23,NA,"fs-003"
615,"r00162","GRLGS","BUR",477500.88,5631614.79,31.6,0.23,NA,"fs-003"
616,"r00163","GRLGS","BUR",477499.08,5631614.2,19,0.23,NA,"fs-003"
617,"r00164","GRLGS","BUR",477503.1,5631627.47,14.6,0.15,NA,"fs-003"
618,"r00165","GRLGS","LAE",477498.6,5631625.68,29.6,0.35,NA,"fs-003"
619,"r00166","GRLGS","LAE",477495.39,5631610.85,37.6,0.45,NA,"fs-003"
620,"r00167","GRLGS","BUR",477500.52,5631612.53,14.6,0.11,NA,"fs-003"
621,"r00168","GRLGS","BUR",477493.53,5631617.83,21.6,0.27,NA,"fs-003"
622,"r00169","GRLGS","BUR",477498.6,5631612.98,17.6,0.13,NA,"fs-003"
623,"r00170","jk","EIT",477816.78,5632199.73,NA,0.59,"Abt.1 mittelhang","dm-002"
624,"r00171","GRLGS","LAE",477492.47,5631614.54,37.6,0.41,NA,"fs-003"
625,"r00172","jk","BUR",477809.48,5632198.64,NA,0.51,"Abt.1 mittelhang. DELAWI 00249","dm-002"
626,"r00173","jk","EIT",477817.34,5632193.61,NA,0.57,"Abt.1 mittelhang","dm-002"
627,"r00174","jk","BUR",477771.76,5632201.34,NA,0.27,"Abt.1 unterhang","dm-001"
628,"r00175","jk","BUR",477774.67,5632199.05,NA,0.56,"Abt.1 unterhang","dm-001"
629,"r00176","jk","EIT",477770.29,5632197.68,NA,0.65,"Abt.1 unterhang","dm-001"
630,"r00177","jk","EIT",477775.36,5632192.63,NA,0.45,"Abt.1 unterhang","dm-001"
631,"r00178","jk","BUR",477778.02,5632187.03,NA,0.4,"Abt.1 unterhang","dm-001"
632,"r00179","jk","EIT",477781.22,5632185.87,NA,0.45,"Abt.1 unterhang","dm-001"
633,"r00180","jk","BUR",477780.11,5632182.55,NA,0.32,"Abt.1 unterhang","dm-001"
634,"r00181","jk","EIT",477782,5632178.54,NA,0.55,"Abt.1 unterhang","dm-001"
635,"r00520","DGLJS","BUR",477549.96,5632124.85,13,0.29,NA,"fs-034"
636,"r00521","DGLJS","BUR",477551.5,5632124.85,13,0.13,NA,"fs-034"
637,"r00522","DGLJS","BUR",477552.36,5632123.37,13,0.16,NA,"fs-034"
638,"r00523","DGLJS","BUR",477555.15,5632123.02,13,0.19,NA,"fs-034"
639,"r00524","DGLJS","BUR",477551.06,5632127.55,13,0.25,NA,"fs-034"
640,"r00525","DGLJS","BUR",477550.66,5632126.42,13,0.1,NA,"fs-034"
641,"r00526","DGLJS","BUR",477356.32,5631894.41,28.8,0.57,NA,"fs-035"
642,"r00527","DGLJS","BUR",477352.79,5631906.36,31.4,0.54,NA,"fs-035"
643,"r00528","DGLJS","BUR",477347.63,5631903.05,28.7,0.54,NA,"fs-035"
644,"r00529","DGLJS","BUR",477342.33,5631898.33,35.4,0.43,NA,"fs-035"
645,"r00530","DGLJS","BUR",477348.18,5631894.85,7.1,0.41,NA,"fs-035"
646,"r00531","BHHK","EIT",477882.04,5632271.63,19,0.43,NA,"fs-038"
647,"r00532","BHHK","BUR",477884.33,5632271.05,13.5,0.27,NA,"fs-038"
648,"r00533","BHHK","EIT",477889.2,5632268.78,21.7,0.6,NA,"fs-038"
649,"r00535","BHHK","BUR",477881.41,5632268.04,7.05,0.16,"2019-03-19 Art von HBU geändert","fs-038"
650,"r00536","BHHK","BUR",477878.21,5632266.12,6.11,0.14,"2019-03-19 Art von HBU geändert","fs-038"
651,"r00537","BHHK","BUR",477877.72,5632262.25,10.66,0.23,NA,"fs-038"
652,"r00538","BHHK","BUR",477888.65,5632277.07,8.38,0.23,NA,"fs-038"
653,"r00539","BHHK","BUR",477873.07,5632269,10,0.27,"2019-03-19 aufgenommen. Plakette war bei Erstaufnahme gesetzt","fs-038"
654,"r00540","HSS","BUR",477577.84,5631873.02,22,0.42,NA,"fs-043"
655,"r00541","HSS","BUR",477573.86,5631876.93,12,0.2,NA,"fs-043"
656,"r00542","HSS","BUR",477570.72,5631872.49,31,0.5,NA,"fs-043"
657,"r00543","HSS","BUR",477571.73,5631879.72,10,0.14,NA,"fs-043"
658,"r00544","HSS","EIT",477568.34,5631881.68,25,0.39,NA,"fs-043"
659,"r00545","HSS","BUR",477567.91,5631882.69,10,0.19,NA,"fs-043"
660,"r00546","HSS","BUR",477576.88,5631885.95,18,0.27,NA,"fs-043"
661,"r00555","HSS","BUR",477694.69,5631716.42,9,0.12,NA,"fs-046"
662,"r00556","HSS","BUR",477695.89,5631716.72,12,0.14,NA,"fs-046"
663,"r00557","HSS","EIT",477695.42,5631717.12,31,0.46,NA,"fs-046"
664,"r00558","HSS","BUR",477700.75,5631720.72,29,0.54,NA,"fs-046"
665,"r00559","HSS","BUR",477697.14,5631723.3,7,0.2,NA,"fs-046"
666,"r00560","DGLJS","BUR",477555.2,5632125.26,15.7,0.19,NA,"fs-034"
667,"r00561","DGLJS","BUR",477556.78,5632125.99,15.7,0.18,NA,"fs-034"
668,"r00562","DGLJS","BUR",477556.83,5632123.8,15.7,0.19,NA,"fs-034"
669,"r00563","DGLJS","BUR",477554.29,5632129.75,15.7,0.1,NA,"fs-034"
670,"r00564","DGLJS","BUR",477552.51,5632130.72,15.7,0.16,NA,"fs-034"
671,"r00565","DGLJS","BUR",477555.28,5632130.97,15.7,0.08,NA,"fs-034"
672,"r00566","DGLJS","BUR",477555.49,5632129.31,15.7,0.21,NA,"fs-034"
673,"r00567","DGLJS","BUR",477557.22,5632128.5,15.7,0.16,NA,"fs-034"
674,"r00568","DGLJS","BUR",477555.46,5632131.54,15.7,0.08,NA,"fs-034"
675,"r00569","dg","EIT",477805.55,5632200.56,NA,0.44,"auch Saftfluss. DELAWI 00276","dm-002"
676,"r00570","DGLJS","BUR",477558.7,5632131.27,15.7,0.35,NA,"fs-034"
677,"r00571","DGLJS","BUR",477558.87,5632126.47,15.7,0.14,NA,"fs-034"
678,"r00572","DGLJS","BUR",477563.67,5632129.88,15.7,0.1,NA,"fs-034"
679,"r00573","DGLJS","BUR",477560.71,5632123.28,15.7,0.27,NA,"fs-034"
680,"r00574","DGLJS","BUR",477563.22,5632125.47,15.7,0.16,NA,"fs-034"
681,"r00575","DGLJS","BUR",477563.87,5632126.14,15.7,0.19,NA,"fs-034"
682,"r00576","DGLJS","BUR",477565.22,5632127.35,15.7,0.12,NA,"fs-034"
683,"r00577","dg","ESG",477410.8,5631899.89,23.6,0.46,NA,"fs-024"
684,"r00578","DGLJS","BUR",477564.06,5632123.43,15.7,0.16,NA,"fs-034"
685,"r00579","DGLJS","BUR",477565.22,5632126.8,15.7,0.1,NA,"fs-034"
686,"r00580","DGLJS","BUR",477566.01,5632123.92,15.7,0.22,NA,"fs-034"
687,"r00581","DGLJS","BUR",477564.65,5632121.1,15.7,0.18,NA,"fs-034"
688,"r00582","DGLJS","BUR",477566.24,5632122.91,15.7,0.13,NA,"fs-034"
689,"r00583","DGLJS","BUR",477561.59,5632121.15,15.7,0.19,NA,"fs-034"
690,"r00584","DGLJS","BUR",477564.44,5632118.92,15.7,0.16,NA,"fs-034"
691,"r00585","DGLJS","BUR",477562.17,5632119.97,13,0.24,NA,"fs-034"
692,"r00586","DGLJS","BUR",477558.56,5632121.57,13,0.16,NA,"fs-034"
693,"r00587","DGLJS","BUR",477562.45,5632116.73,13,0.08,NA,"fs-034"
694,"r00588","DGLJS","BUR",477563.66,5632116.21,13,0.13,NA,"fs-034"
695,"r00589","DGLJS","BUR",477560.46,5632115.64,13,0.08,NA,"fs-034"
696,"r00590","DGLJS","BUR",477559.14,5632116.79,13,0.25,NA,"fs-034"
697,"r00591","DGLJS","BUR",477556.77,5632114.28,13,0.1,NA,"fs-034"
698,"r00592","DGLJS","BUR",477556.12,5632113.88,13,0.13,NA,"fs-034"
699,"r00593","DGLJS","BUR",477556.59,5632120.11,13,0.16,NA,"fs-034"
700,"r00594","DGLJS","BUR",477556.8,5632117.82,13,0.14,NA,"fs-034"
701,"r00595","DGLJS","BUR",477556.96,5632121.3,13,0.1,NA,"fs-034"
702,"r00596","DGLJS","BUR",477556.28,5632120.56,13,0.11,NA,"fs-034"
703,"r00597","DGLJS","BUR",477552.44,5632118.59,13,0.11,NA,"fs-034"
704,"r00598","DGLJS","BUR",477551.72,5632118.4,13,0.11,NA,"fs-034"
705,"r00599","DGLJS","BUR",477549.33,5632118.39,13,0.1,NA,"fs-034"
706,"r00600","GHKLRRS","ESG",477410,5631914.22,1.6,0.11,NA,"fs-024"
707,"r00601","GHKLRRS","BUR",477253.62,5631883.9,25.8,0.42,NA,"fs-025"
708,"r00602","GHKLRRS","BUR",477257.52,5631886.34,24.9,0.44,NA,"fs-025"
709,"r00603","GHKLRRS","EIT",477253.52,5631886.73,24.6,0.35,NA,"fs-025"
710,"r00604","GHKLRRS","BUR",477251.77,5631890.21,21.5,0.3,NA,"fs-025"
711,"r00605","GHKLRRS","BUR",477253.97,5631890.62,22.9,0.32,NA,"fs-025"
712,"r00606","GHKLRRS","BUR",477256.65,5631897.42,20.9,0.33,NA,"fs-025"
713,"r00607","GHKLRRS","BUR",477257.99,5631896.54,10.1,0.11,NA,"fs-025"
714,"r00608","GHKLRRS","BUR",477259.9,5631893.65,26.3,0.43,NA,"fs-025"
715,"r00609","GHKLRRS","BUR",477261.72,5631890.81,18.9,0.18,NA,"fs-025"
716,"r00610","GHKLRRS","BUR",477263.3,5631889.08,21,0.25,NA,"fs-025"
717,"r00611","GHKLRRS","BUR",477264.04,5631895.65,24.3,0.38,NA,"fs-025"
718,"r00612","GHKLRRS","BUR",477264.12,5631898.15,7.8,0.09,NA,"fs-025"
719,"r00613","GHKLRRS","BUR",477267.4,5631896.85,23.8,0.44,NA,"fs-025"
720,"r00614","GHKLRRS","BUR",477267.59,5631895.78,11.9,0.12,NA,"fs-025"
721,"r00615","GHKLRRS","BUR",477264.51,5631881.93,25.8,0.42,NA,"fs-025"
722,"r00616","GHKLRRS","BUR",477261.1,5631881.43,9.6,0.1,NA,"fs-025"
723,"r00617","GHKLRRS","BUR",477257.99,5631879.87,23.9,0.39,NA,"fs-025"
724,"r00618","GHKLRRS","BUR",477260.21,5631884.81,12.9,0.14,NA,"fs-025"
725,"r00619","GHKLRRS","DGL",477290.72,5632000.22,23.5,0.44,NA,"fs-026"
726,"r00620","GHKLRRS","BUR",477292.38,5631989.83,22.7,0.36,NA,"fs-026"
727,"r00621","GHKLRRS","BUR",477294.98,5631988.53,23.2,0.45,NA,"fs-026"
728,"r00622","GHKLRRS","BUR",477288.49,5631985.26,22.1,0.47,NA,"fs-026"
729,"r00623","GHKLRRS","BUR",477284.36,5631988.38,7.4,0.13,NA,"fs-026"
730,"r00624","GHKLRRS","BUR",477283.57,5631988.61,22.9,0.34,NA,"fs-026"
731,"r00625","GHKLRRS","BUR",477280.59,5631987.58,23.1,0.37,NA,"fs-026"
732,"r00626","GHKLRRS","DGL",477284.31,5631995.9,18.8,0.31,NA,"fs-026"
733,"r00627","GHKLRRS","BUR",477287.22,5631981.71,10.6,0.17,NA,"fs-026"
734,"r00628","GHKLRRS","DGL",477284.56,5631997.6,23.2,0.42,NA,"fs-026"
735,"r00629","GHKLRRS","DGL",477287.72,5631997.94,13.2,0.17,NA,"fs-026"
736,"r00630","GHKLRRS","DGL",477288.54,5631999.46,3.5,0.11,"tot. abgeknickt","fs-026"
737,"r00631","BHW","EIT",477658.03,5632256.26,9,0.15,NA,"fs-047"
738,"r00632","BHW","BUR",477657.79,5632254.23,11,0.14,NA,"fs-047"
739,"r00633","BHW","BUR",477658.46,5632254.26,13,0.15,NA,"fs-047"
740,"r00634","BHW","BUR",477657.98,5632249.86,12,0.12,NA,"fs-047"
741,"r00635","BHW","BUR",477660.06,5632255.71,11,0.11,NA,"fs-047"
742,"r00636","BHW","EIT",477661.09,5632254.77,14,0.25,NA,"fs-047"
743,"r00637","BHW","BUR",477662.07,5632254.97,14,0.1,NA,"fs-047"
744,"r00638","BHW","BUR",477663.52,5632255.57,9,0.32,NA,"fs-047"
745,"r00639","BHW","BUR",477661.56,5632263.58,19,0.13,NA,"fs-047"
746,"r00641","DGLJS","BUR",477709.85,5632073.48,11.8,0.09,NA,"fs-030"
747,"r00642","DGLJS","BUR",477710.15,5632070.34,11.8,0.09,NA,"fs-030"
748,"r00643","DGLJS","BUR",477709.44,5632069.49,11.8,0.11,NA,"fs-030"
749,"r00644","DGLJS","BUR",477709.55,5632067.59,11.8,0.12,NA,"fs-030"
750,"r00645","DGLJS","BUR",477708.8,5632066.3,11.8,0.11,NA,"fs-030"
751,"r00646","DGLJS","BUR",477706.41,5632068.3,11.8,0.1,NA,"fs-030"
752,"r00647","DGLJS","BUR",477710.29,5632065.82,11.8,0.13,NA,"fs-030"
753,"r00648","DGLJS","BUR",477711.58,5632064.34,11.8,0.11,NA,"fs-030"
754,"r00649","DGLJS","BUR",477712.5,5632064.93,11.8,0.12,NA,"fs-030"
755,"r00650","DGLJS","BUR",477713.3,5632069.09,11.8,0.09,NA,"fs-030"
756,"r00651","DGLJS","BUR",477713.3,5632067.09,11.8,0.08,NA,"fs-030"
757,"r00652","DGLJS","BUR",477714.08,5632065.12,11.8,0.1,NA,"fs-030"
758,"r00653","DGLJS","BUR",477714.39,5632067.93,11.8,0.14,NA,"fs-030"
759,"r00654","DGLJS","BUR",477716.77,5632066.66,11.8,0.15,NA,"fs-030"
760,"r00655","DGLJS","BUR",477718.76,5632067.58,11.8,0.09,NA,"fs-030"
761,"r00656","DGLJS","BUR",477720.66,5632069.84,11.8,0.1,NA,"fs-030"
762,"r00657","DGLJS","BUR",477722.06,5632075.64,11.8,0.08,NA,"fs-030"
763,"r00658","DGLJS","BUR",477716.64,5632078.07,11.8,0.12,NA,"fs-030"
764,"r00659","DGLJS","BUR",477717.29,5632078.84,11.8,0.1,NA,"fs-030"
765,"r00660","DGLJS","BUR",477718.51,5632080.29,11.8,0.08,NA,"fs-030"
766,"r00661","DGLJS","BUR",477709.62,5632081.97,21.8,0.46,NA,"fs-030"
767,"r00662","DGLJS","BUR",477708.61,5632079.68,21.8,0.19,NA,"fs-030"
768,"r00663","DGLJS","BUR",477708.7,5632078.69,21.8,0.12,NA,"fs-030"
769,"r00664","DGLJS","BUR",477706.53,5632076.55,21.8,0.22,NA,"fs-030"
770,"r00665","DGLJS","FIG",477878.7,5632080.3,24,0.38,NA,"fs-028"
771,"r00666","DGLJS","FIG",477877.39,5632081.2,24,0.25,NA,"fs-028"
772,"r00667","DGLJS","FIG",477878.98,5632082.81,24,0.35,NA,"fs-028"
773,"r00668","jk","FIG",477884.85,5632085.54,NA,0.4,NA,"fs-028"
774,"r00669","DGLJS","FIG",477885.41,5632078.78,24,0.3,NA,"fs-028"
775,"r00670","DGLJS","FIG",477887.18,5632081.09,24,0.29,NA,"fs-028"
776,"r00671","DGLJS","FIG",477889.74,5632079.72,24,0.16,NA,"fs-028"
777,"r00672","DGLJS","FIG",477888.95,5632078.06,24,0.29,NA,"fs-028"
778,"r00673","DGLJS","FIG",477890.6,5632073.88,24,0.3,"2019-03-19 umgefallen","fs-028"
779,"r00674","DGLJS","FIG",477886.3,5632074.91,24,0.29,NA,"fs-028"
780,"r00675","DGLJS","FIG",477888.78,5632070.8,24,0.38,NA,"fs-028"
781,"r00676","DGLJS","FIG",477884.37,5632073.97,24,0.4,"2019-03-19 umgefallen","fs-028"
782,"r00677","DGLJS","FIG",477886.11,5632069.66,24,0.35,NA,"fs-028"
783,"r00678","DGLJS","FIG",477884.19,5632068.98,24,0.4,NA,"fs-028"
784,"r00679","DGLJS","FIG",477882.28,5632073.85,24,0.21,"2019-03-19 umgefallen","fs-028"
785,"r00682","SBSF","BUR",477536.12,5631786.86,14.8,0.13,NA,"fs-010"
786,"r00683","SBSF","BUR",477534.76,5631788.13,39.2,0.21,NA,"fs-010"
787,"r00684","SBSF","BUR",477537.79,5631789.74,37.7,0.44,NA,"fs-010"
788,"r00685","SBSF","BUR",477542.7,5631790.1,44,0.24,NA,"fs-010"
789,"r00686","SBSF","BUR",477546.51,5631785.67,43.7,0.57,NA,"fs-010"
790,"r00687","SBSF","BUR",477547.05,5631781.23,6.4,0.17,NA,"fs-010"
791,"r00688","SBSF","BUR",477536.1,5631781.48,42.2,0.47,NA,"fs-010"
792,"r00689","SBSF","BUR",477533.28,5631783.92,31.9,0.22,NA,"fs-010"
793,"r00690","jk","EIT",477832.55,5632244.19,NA,0.55,"Abt.1 oberhang","dm-003"
794,"r00691","jk","EIT",477498.51,5631738.52,NA,0.48,"Abt. 3 oberhang. neu ausgewählt am 21.09.2018 jk und dg","dm-006"
796,"r00695","jk","BUR",477476.01,5631722.05,NA,0.44,"Abt. 3 oberhang","dm-006"
797,"r00696","jk","EIT",477481.67,5631716.35,NA,0.45,"Abt. 3 oberhang","dm-006"
798,"r00697","jk","EIT",477481.27,5631839.04,NA,0.33,"Abt. 3 mittelhang","dm-005"
799,"r00698","jk","BUR",477485.78,5631835.26,NA,0.42,"Abt. 3 mittelhang","dm-005"
800,"r00699","jk","BUR",477486.71,5631839.06,NA,0.42,"Abt. 3 mittelhang","dm-005"
801,"r00700","jk","BUR",477483.14,5631845.98,NA,0.48,"Abt. 3 mittelhang","dm-005"
802,"r00701","jk","EIT",477469.78,5631840.53,NA,0.51,"Abt. 3 mittelhang","dm-005"
803,"r00702","jk","EIT",477457.45,5631808.7,26,0.41,"Abt. 3 mittelhang","dm-005"
804,"r00703","jk","EIT",477551.23,5631955.69,NA,0.43,"Abt. 3 unterhang","dm-004"
805,"r00704","jk","EIT",477559.26,5631957.61,NA,0.49,"Abt. 3 unterhang","dm-004"
806,"r00705","jk","EIT",477565.52,5631959.25,NA,0.37,"Abt. 3 unterhang","dm-004"
807,"r00706","jk","BUR",477570.76,5631958.66,NA,0.47,"Abt. 3 unterhang","dm-004"
808,"r00707","jk","EIT",477569.18,5631948.83,NA,0.55,"Abt. 3 unterhang","dm-004"
809,"r00708","jk","BUR",477562.19,5631967.53,NA,0.45,"Abt. 3 unterhang","dm-004"
810,"r00709","jk","BUR",477552.32,5631967.78,NA,0.51,"Abt. 3 unterhang","dm-004"
811,"r00710","jk","BUR",477547.48,5631974.61,NA,0.45,"Abt. 3 unterhang","dm-004"
812,"r00711","jk","EIT",477836.84,5632243.69,NA,0.5,"Abt.1 oberhang","dm-003"
813,"r00712","jk","BUR",477828.53,5632244.54,NA,0.34,"Abt.1 oberhang","dm-003"
814,"r00713","jk","BUR",477840.06,5632241.47,NA,0.37,"Abt.1 oberhang","dm-003"
815,"r00714","jk","BUR",477842.88,5632231.01,NA,0.42,"Abt.1 oberhang","dm-003"
816,"r00715","jk","BUR",477845.6,5632238.86,NA,0.33,"Abt.1 oberhang","dm-003"
817,"r00716","jk","EIT",477837.79,5632236.7,NA,0.46,"Abt.1 oberhang","dm-003"
818,"r00717","jk","EIT",477838.72,5632225.91,NA,0.45,"Abt.1 oberhang","dm-003"
819,"r00718","jk","EIT",477810.69,5632205.95,NA,0.41,"Abt.1 mittelhang. auch Saftfluss. DELAWI 00277","dm-002"
820,"r00719","jk","BUR",477815.74,5632207.41,NA,0.48,"Abt.1 mittelhang. DELAWI 00247","dm-002"
821,"r00720","SBSF","BUR",477527.87,5632057.86,31.5,0.38,NA,"fs-016"
822,"r00721","SBSF","BUR",477536.43,5632061.26,35.3,0.39,NA,"fs-016"
823,"r00722","SBSF","BUR",477537.26,5632064.35,23.4,0.39,NA,"fs-016"
824,"r00723","SBSF","BUR",477540.03,5632056.64,38.6,0.54,NA,"fs-016"
825,"r00724","SBSF","BUR",477544.63,5632055.56,41,0.56,NA,"fs-016"
826,"r00725","SBSF","BUR",477533.8,5632044.73,26.5,0.37,NA,"fs-016"
827,"r00726","SBSF","BUR",477532.86,5632047.93,34.7,0.49,NA,"fs-016"
828,"r00727","SBSF","BUR",477530.57,5632050.59,31.5,0.57,NA,"fs-016"
829,"r00728","SBSF","DGL",477392.94,5632015.18,40.4,0.73,NA,"fs-017"
830,"r00729","SBSF","EIT",477395.76,5632021.11,32.9,0.27,NA,"fs-017"
831,"r00730","SBSF","BUR",477385.26,5632017.7,43.4,0.38,NA,"fs-017"
832,"r00731","SBSF","DGL",477383.22,5632017.38,44.3,0.88,NA,"fs-017"
833,"r00732","SBSF","BUR",477381.81,5632012.88,18.3,0.2,NA,"fs-017"
834,"r00733","SBSF","DGL",477385.37,5632010.83,47.6,0.66,NA,"fs-017"
835,"r00734","SBSF","BUR",477389.92,5632006.72,41,0.36,NA,"fs-017"
836,"r00735","SBSF","BUR",477398.38,5632007.72,45.2,0.32,NA,"fs-017"
837,"r00736","SBSF","BUR",477396.81,5632009.53,45,0.14,NA,"fs-017"
838,"r00737","SBSF","BUR",477399.61,5632012.88,7.8,0.25,NA,"fs-017"
839,"r00738","SBSF","BUR",477453.45,5631771.98,32.9,0.18,NA,"fs-011"
840,"r00739","SBSF","BUR",477452.09,5631776.17,32.9,0.55,NA,"fs-011"
841,"r00740","SBSF","BUR",477447.96,5631782.64,24.6,0.23,NA,"fs-011"
842,"r00741","SBSF","BUR",477452.54,5631786.34,24.6,0.59,NA,"fs-011"
843,"r00742","SBSF","BUR",477458.09,5631786.66,36.1,0.25,NA,"fs-011"
844,"r00743","SBSF","BUR",477456.74,5631773.87,43.4,0.33,NA,"fs-011"
845,"r00744","SBSF","BUR",477444.9,5631812.51,21,0.19,NA,"fs-012"
846,"r00745","SBSF","BUR",477447.71,5631810.26,34.4,0.43,NA,"fs-012"
847,"r00746","SBSF","BUR",477449.63,5631811.95,8,0.13,NA,"fs-012"
848,"r00747","SBSF","BUR",477449.19,5631814.55,36.5,0.6,NA,"fs-012"
849,"r00748","SBSF","BUR",477449.38,5631822.32,40.4,0.54,NA,"fs-012"
850,"r00749","SBSF","BUR",477443.58,5631819.83,20.4,0.46,NA,"fs-012"
851,"r00750","SBSF","BUR",477440.88,5631820.72,27.5,0.25,NA,"fs-012"
852,"r00751","SBSF","BUR",477435.02,5631813.76,35.3,0.45,NA,"fs-012"
853,"r00752","SBSF","BUR",477448.91,5631805.34,8,0.13,NA,"fs-012"
854,"r00753","DGLJS","FIG",477881.11,5632068.9,24,0.27,NA,"fs-028"
855,"r00754","DGLJS","FIG",477880.42,5632072.98,24,0.18,NA,"fs-028"
856,"r00755","DGLJS","FIG",477879.51,5632069.28,24,0.41,NA,"fs-028"
857,"r00756","jk","FIG",477874.6,5632080.86,NA,0.22,NA,"fs-028"
858,"r00757","DGLJS","FIG",477875.06,5632077.94,24,0.14,NA,"fs-028"
859,"r00758","DGLJS","BUR",477548.7,5632126.55,13,0.18,NA,"fs-034"
860,"r00759","DGLJS","BUR",477554.04,5632121.53,13,0.16,NA,"fs-034"
861,"r00760","SBSF","HBU",477402.73,5632262.08,27,0.1,NA,"fs-014"
862,"r00761","SBSF","HBU",477406.82,5632262.06,27,0.13,NA,"fs-014"
863,"r00762","SBSF","HBU",477402.3,5632261.84,27,0.09,NA,"fs-014"
864,"r00763","jk","BUR",477410.78,5631959.43,NA,0.55,NA,"fs-006"
865,"r00764","jk","BUR",477830.59,5632166.56,NA,0.09,NA,"fs-001"
866,"r00765","SBSF","HBU",477406.01,5632259.88,27,0.08,NA,"fs-014"
867,"r00766","SBSF","HBU",477404.75,5632259.09,27,0.13,NA,"fs-014"
868,"r00768","SBSF","BUR",477403.64,5632259.47,27,0.14,NA,"fs-014"
869,"r00769","SBSF","HBU",477404.17,5632258.27,27,0.08,NA,"fs-014"
870,"r00770","SBSF","BUR",477403.37,5632254.34,27,0.29,NA,"fs-014"
871,"r00771","SBSF","EIT",477406.73,5632253.32,27,0.09,"daneben außerhalb Esche Fraxinus excelsior","fs-014"
872,"r00772","SBSF","BUR",477407.85,5632252.03,27,0.22,NA,"fs-014"
873,"r00773","SBSF","HBU",477409.37,5632253.56,27,0.13,NA,"fs-014"
874,"r00774","SBSF","BUR",477411.32,5632252.57,27,0.1,NA,"fs-014"
875,"r00775","SBSF","BUR",477412.59,5632251.91,27,0.1,NA,"fs-014"
876,"r00776","SBSF","BUR",477413.61,5632255.91,27,0.12,NA,"fs-014"
877,"r00777","SBSF","HBU",477414.76,5632256.33,27,0.13,"Totholz","fs-014"
878,"r00778","SBSF","HBU",477415.92,5632254.95,27,0.1,NA,"fs-014"
879,"r00779","SBSF","BUR",477415.83,5632252.46,27,0.24,NA,"fs-014"
880,"r00780","SBSF","BUR",477491.42,5631735.46,29.6,0.43,"Abt. 3 oberhang. dm-006. neu ausgewählt 21.09.2018 jk und dg","fs-013"
881,"r00781","SBSF","EIT",477481.91,5631734.79,39.4,0.45,"Abt. 3 oberhang. dm-006","fs-013"
882,"r00782","SBSF","BUR",477480.41,5631731.94,43.4,0.47,"Abt. 3 oberhang. dm-006. neu ausgewählt 21.09.2018 jk und dg","fs-013"
883,"r00783","SBSF","BUR",477488.24,5631731.73,41.9,0.38,NA,"fs-013"
884,"r00784","SBSF","EIT",477483.18,5631726.09,38.9,0.38,NA,"fs-013"
885,"r00785","SBSF","BUR",477488.96,5631724.53,41.9,0.53,"Abt. 3 oberhang. dm-006","fs-013"
886,"r00786","SBSF","EIT",477492.18,5631730.2,40.4,0.4,NA,"fs-013"
887,"r00787","SBSF","EIT",477496.01,5631728.6,16.8,0.42,NA,"fs-013"
888,"r00800","GHKLRRS","BUR",477863.34,5632322.26,16.2,0.2,NA,"fs-020"
889,"r00801","GHKLRRS","BUR",477871.42,5632323.87,30.8,0.57,NA,"fs-020"
890,"r00802","GHKLRRS","BUR",477877.04,5632321.6,29.1,0.71,NA,"fs-020"
891,"r00803","GHKLRRS","BUR",477868.33,5632316.47,15.9,0.19,NA,"fs-020"
892,"r00804","GHKLRRS","BUR",477874.73,5632326.14,5.2,0.15,NA,"fs-020"
893,"r00805","GHKLRRS","BUR",477697.09,5631891.41,19.1,0.33,NA,"fs-021"
894,"r00806","GHKLRRS","BUR",477701.55,5631893.03,19.3,0.48,NA,"fs-021"
895,"r00807","GHKLRRS","BUR",477704.76,5631893.84,11.8,0.13,NA,"fs-021"
896,"r00808","GHKLRRS","BUR",477702.03,5631894.27,9.9,0.1,NA,"fs-021"
897,"r00809","GHKLRRS","BUR",477698.85,5631895.89,18.9,0.25,NA,"fs-021"
898,"r00810","GHKLRRS","BUR",477695.82,5631893.78,5.2,0.07,NA,"fs-021"
899,"r00811","GHKLRRS","EIT",477694.67,5631892.81,18.5,0.38,NA,"fs-021"
900,"r00812","GHKLRRS","BUR",477692.16,5631893.34,12.8,0.12,NA,"fs-021"
901,"r00813","GHKLRRS","BUR",477691.32,5631894.48,12.8,0.14,NA,"fs-021"
902,"r00814","GHKLRRS","BUR",477687.89,5631891.62,18.1,0.23,NA,"fs-021"
903,"r00815","GHKLRRS","BUR",477686.38,5631892.18,10.2,0.1,NA,"fs-021"
904,"r00816","GHKLRRS","BUR",477688.34,5631889.32,12.9,0.11,NA,"fs-021"
905,"r00817","GHKLRRS","BUR",477687.1,5631886.69,10.5,0.11,NA,"fs-021"
906,"r00818","GHKLRRS","BUR",477694.02,5631884.58,24.3,0.47,NA,"fs-021"
907,"r00819","GHKLRRS","BUR",477696.52,5631880.5,15.3,0.14,NA,"fs-021"
908,"r00820","GHKLRRS","BUR",477697.2,5631882.99,14.6,0.12,NA,"fs-021"
909,"r00821","GHKLRRS","BUR",477699.04,5631883.16,17.1,0.17,NA,"fs-021"
910,"r00822","GHKLRRS","EIT",477702.25,5631888.04,21.4,0.48,NA,"fs-021"
911,"r00823","GRLGS","BUR",477525.92,5632013.6,25.2,0.54,NA,"fs-007"
912,"r00824","GRLGS","BUR",477528.49,5632012.23,11.6,0.12,NA,"fs-007"
913,"r00825","GRLGS","EIT",477529.44,5632009.85,14,0.52,NA,"fs-007"
914,"r00826","GRLGS","BUR",477531.52,5632012.94,12.9,0.14,NA,"fs-007"
915,"r00827","GRLGS","BUR",477530.43,5632014.22,31.6,0.42,NA,"fs-007"
916,"r00828","GRLGS","BUR",477533.44,5632017.57,30.6,0.45,NA,"fs-007"
917,"r00829","GRLGS","BUR",477527.02,5632020.2,44.6,0.68,NA,"fs-007"
918,"r00830","GRLGS","BUR",477524.23,5632018.92,41,0.43,NA,"fs-007"
919,"r00831","GRLGS","BUR",477516.71,5632016.96,37,0.25,NA,"fs-007"
920,"r00832","GRLGS","BUR",477519.56,5632010.3,42.6,0.54,NA,"fs-007"
921,"r00833","GRLGS","BUR",477489.44,5631803.61,51.6,0.66,NA,"fs-002"
922,"r00834","GRLGS","BUR",477490.2,5631810.55,43.6,0.5,NA,"fs-002"
923,"r00835","GRLGS","BUR",477494.36,5631809.43,47.6,0.46,NA,"fs-002"
924,"r00836","GRLGS","BUR",477503.01,5631811.14,40.4,0.46,NA,"fs-002"
925,"r00837","GRLGS","BUR",477494.14,5631815.48,24.6,0.22,NA,"fs-002"
926,"r00838","GRLGS","BUR",477494.64,5631816.12,47.6,0.51,NA,"fs-002"
927,"r00839","GRLGS","BUR",477488.13,5631819.13,21.6,0.22,NA,"fs-002"
928,"r00840","SBSF","BUR",477616.35,5632159.41,27,0.13,NA,"fs-015"
929,"r00842","SBSF","BUR",477619.1,5632159.76,27,0.07,NA,"fs-015"
930,"r00843","SBSF","BUR",477617.9,5632160.53,27,0.13,NA,"fs-015"
931,"r00845","SBSF","BUR",477617.4,5632162.15,27,0.22,NA,"fs-015"
932,"r00846","SBSF","BUR",477619.15,5632162.66,27,0.16,NA,"fs-015"
933,"r00847","SBSF","BUR",477618.31,5632162.85,27,0.11,NA,"fs-015"
934,"r00848","SBSF","BUR",477612.2,5632161.81,27,0.13,NA,"fs-015"
935,"r00849","SBSF","BUR",477613.41,5632161.86,27,0.09,NA,"fs-015"
936,"r00850","SBSF","BUR",477615.47,5632162.25,27,0.1,NA,"fs-015"
937,"r00851","SBSF","BUR",477616.42,5632162.63,27,0.22,NA,"fs-015"
938,"r00852","jk","EIT",477540.16,5631775.06,NA,0.37,NA,"fs-010"
939,"r00854","SBSF","BUR",477619.13,5632162.82,27,0.08,NA,"fs-015"
940,"r00855","SBSF","BUR",477615.27,5632163.1,27,0.13,NA,"fs-015"
941,"r00856","SBSF","BUR",477617.28,5632164.79,27,0.13,NA,"fs-015"
942,"r00857","SBSF","BUR",477618.48,5632165.53,27,0.16,NA,"fs-015"
943,"r00858","SBSF","BUR",477616.37,5632166.77,27,0.13,NA,"fs-015"
944,"r00859","SBSF","BUR",477615.38,5632166.81,27,0.09,NA,"fs-015"
945,"r00860","jk","BUR",477419.54,5631964.96,NA,0.35,NA,"fs-006"
946,"r00861","dg","EIT",477799.54,5632205.75,NA,0.48,"auch Saftfluss. DELAWI 00275","dm-002"
947,"r00862","SBSF","BUR",477612.29,5632165.44,27,0.13,NA,"fs-015"
948,"r00863","SBSF","BUR",477612.84,5632166.39,27,0.13,NA,"fs-015"
949,"r00864","SBSF","BUR",477613.94,5632168.3,27,0.16,NA,"fs-015"
950,"r00865","SBSF","BUR",477615.08,5632169.6,27,0.1,NA,"fs-015"
951,"r00866","SBSF","BUR",477610.65,5632165.41,27,0.17,NA,"fs-015"
952,"r00867","SBSF","BUR",477612.37,5632167.4,27,0.13,NA,"fs-015"
953,"r00868","SBSF","BUR",477610.72,5632170.34,27,0.16,NA,"fs-015"
954,"r00869","jk","HBU",477901.94,5632156.81,12,0.18,NA,"fs-027"
955,"r00871","jk","BUR",477537.74,5631775.86,NA,0.23,NA,"fs-010"
956,"r00872","jk","BUR",477901.83,5632154.93,9,0.14,NA,"fs-027"
957,"r00873","SBSF","BUR",477608.33,5632164.81,27,0.19,NA,"fs-015"
958,"r00874","SBSF","BUR",477607.7,5632165.95,27,0.1,NA,"fs-015"
959,"r00875","SBSF","BUR",477604.89,5632167.83,27,0.18,NA,"fs-015"
960,"r00876","SBSF","BUR",477603.21,5632167.64,27,0.16,NA,"fs-015"
961,"r00877","SBSF","BUR",477411.3,5632260.02,27,0.6,NA,"fs-014"
962,"r00878","SBSF","HBU",477417.54,5632255.31,27,0.08,NA,"fs-014"
963,"r00879","SBSF","BUR",477418.65,5632256.37,27,0.15,NA,"fs-014"
964,"r00880","SBSF","BUR",477419.34,5632255.97,27,0.12,NA,"fs-014"
965,"r00881","SBSF","BUR",477419.7,5632259.24,27,0.13,NA,"fs-014"
966,"r00882","SBSF","BUR",477420.39,5632259.12,27,0.11,NA,"fs-014"
967,"r00883","SBSF","BUR",477420.66,5632259.59,27,0.16,NA,"fs-014"
968,"r00884","SBSF","HBU",477421.02,5632260.25,27,0.08,NA,"fs-014"
969,"r00886","SBSF","BUR",477417.83,5632260.77,27,0.1,NA,"fs-014"
970,"r00887","SBSF","BUR",477418.33,5632260.77,27,0.1,NA,"fs-014"
971,"r00888","SBSF","HBU",477418.6,5632261.43,27,0.11,NA,"fs-014"
972,"r00889","dg","BUR",477417.64,5632085.89,NA,0.76,NA,"fs-031"
973,"r00890","SBSF","HBU",477418.81,5632262.14,27,0.08,NA,"fs-014"
974,"r00891","SBSF","HBU",477418.66,5632262.81,27,0.11,NA,"fs-014"
975,"r00892","SBSF","HBU",477414.64,5632265.56,27,0.1,NA,"fs-014"
976,"r00894","SBSF","HBU",477411.86,5632264.68,27,0.12,NA,"fs-014"
977,"r00895","SBSF","HBU",477411.33,5632269.36,27,0.09,NA,"fs-014"
978,"r00896","SBSF","HBU",477411.03,5632267.07,27,0.11,NA,"fs-014"
979,"r00897","SBSF","BUR",477410.57,5632266.05,27,0.08,NA,"fs-014"
980,"r00898","SBSF","HBU",477410.04,5632265.06,27,0.08,NA,"fs-014"
981,"r00899","SBSF","HBU",477410.01,5632264.33,27,0.11,NA,"fs-014"
982,"r00900","SBSF","HBU",477408.88,5632266.69,27,0.07,NA,"fs-014"
983,"r00902","SBSF","HBU",477407.94,5632267.71,27,0.08,NA,"fs-014"
984,"r00903","SBSF","HBU",477407.74,5632268.17,27,0.1,NA,"fs-014"
985,"r00905","SBSF","HBU",477407.9,5632267.48,27,0.1,NA,"fs-014"
986,"r00906","SBSF","BUR",477406.85,5632268.97,27,0.13,NA,"fs-014"
987,"r00907","SBSF","HBU",477407.87,5632265.63,27,0.09,"Totholz","fs-014"
988,"r00908","SBSF","BUR",477405.57,5632266.62,27,0.11,NA,"fs-014"
989,"r00909","SBSF","HBU",477404.93,5632267.79,27,0.09,NA,"fs-014"
990,"r00910","SBSF","HBU",477404.64,5632266.52,27,0.09,NA,"fs-014"
991,"r00912","SBSF","HBU",477405.22,5632265.82,27,0.07,NA,"fs-014"
992,"r00913","SBSF","HBU",477403.06,5632265.56,27,0.1,NA,"fs-014"
993,"r00914","SBSF","HBU",477403.15,5632265.32,27,0.09,NA,"fs-014"
994,"r00915","dg","BUR",477418.1,5631987.44,NA,0.08,NA,"fs-006"
995,"r00917","SBSF","HBU",477405.27,5632263.33,27,0.09,NA,"fs-014"
996,"r00918","SBSF","BUR",477402.95,5632263.71,27,0.1,NA,"fs-014"
997,"r00919","SBSF","HBU",477404.33,5632261.95,27,0.08,NA,"fs-014"
998,"r00920","GHKLRRS","BUR",477802.69,5632220.95,23.5,0.4,"Abt.1 mittelhang. dm-002. DELAWI 00268","fs-018"
999,"r00921","GHKLRRS","EIT",477807.44,5632224.06,20.7,0.35,"Abt.1 mittelhang. dm-002. DELAWI 00252","fs-018"
1000,"r00922","GHKLRRS","BUR",477804.36,5632224.44,12.9,0.14,NA,"fs-018"
1001,"r00923","GHKLRRS","BUR",477803.49,5632222.26,9.2,0.13,NA,"fs-018"
1002,"r00924","GHKLRRS","EIT",477802.65,5632227.18,20.6,0.29,NA,"fs-018"
1003,"r00925","GHKLRRS","HBU",477803.03,5632228.98,11.8,0.12,NA,"fs-018"
1004,"r00926","GHKLRRS","BUR",477797.67,5632225.41,24.4,0.35,"Abt.1 mittelhang. dm-002","fs-018"
1005,"r00927","GHKLRRS","BUR",477798.69,5632218.48,25.9,0.49,NA,"fs-018"
1006,"r00928","GHKLRRS","BUR",477799.9,5632216.49,6.6,0.14,NA,"fs-018"
1007,"r00929","GHKLRRS","BUR",477800.85,5632214.64,17.3,0.2,NA,"fs-018"
1008,"r00930","GHKLRRS","BUR",477804.26,5632211.8,17.9,0.25,NA,"fs-018"
1009,"r00931","GHKLRRS","BUR",477803.55,5632217.9,14.7,0.17,NA,"fs-018"
1010,"r00932","GHKLRRS","BUR",477807.25,5632217.31,20.2,0.3,NA,"fs-018"
1011,"r00933","GHKLRRS","BUR",477811.56,5632217.66,24.7,0.39,NA,"fs-018"
1012,"r00934","GHKLRRS","BUR",477819.59,5632293.46,17,0.22,NA,"fs-019"
1013,"r00935","GHKLRRS","EIT",477819.69,5632290.48,21.7,0.43,NA,"fs-019"
1014,"r00936","GHKLRRS","HBU",477814.22,5632293.82,9.9,0.19,NA,"fs-019"
1015,"r00937","GHKLRRS","EIT",477822.65,5632287.38,23.9,0.41,NA,"fs-019"
1016,"r00938","GHKLRRS","BUR",477824.39,5632285.55,11.8,0.22,NA,"fs-019"
1017,"r00939","GHKLRRS","BUR",477831.68,5632288,14.8,0.21,NA,"fs-019"
1018,"r00940","GHKLRRS","BUR",477829.35,5632292.4,22.1,0.41,NA,"fs-019"
1019,"r00941","GHKLRRS","EIT",477830.09,5632295.91,22.2,0.51,NA,"fs-019"
1020,"r00942","GHKLRRS","BUR",477833.66,5632294.17,6.8,0.23,NA,"fs-019"
1021,"r00943","GHKLRRS","BUR",477827.65,5632298.24,10.4,0.16,NA,"fs-019"
1022,"r00944","GHKLRRS","HBU",477824.87,5632302.34,11.9,0.19,NA,"fs-019"
1023,"r00945","GHKLRRS","EIT",477820.26,5632302.26,22.5,0.41,NA,"fs-019"
1024,"r00946","SBSF","BUR",477767.97,5632312.74,25.8,0.35,NA,"fs-009"
1025,"r00947","SBSF","BUR",477766.16,5632309.6,22.3,0.35,NA,"fs-009"
1026,"r00948","SBSF","BUR",477758.92,5632316.87,11.3,0.21,NA,"fs-009"
1027,"r00949","SBSF","BUR",477762.75,5632317.96,25.8,0.29,NA,"fs-009"
1028,"r00950","SBSF","EIT",477766.85,5632317.48,32.7,0.48,NA,"fs-009"
1029,"r00951","SBSF","EIT",477770.63,5632309.98,35.4,0.45,NA,"fs-009"
1030,"r00952","SBSF","BUR",477765.74,5632313.92,24.8,0.19,NA,"fs-009"
1031,"r00953","SBSF","EIT",477759.53,5632310.66,37,0.51,NA,"fs-009"
1032,"r00954","SBSF","EIT",477757.85,5632322.15,34.3,0.45,NA,"fs-009"
1033,"r00955","SBSF","BUR",477602.98,5632166.07,27,0.11,NA,"fs-015"
1034,"r00956","SBSF","BUR",477605.44,5632166.73,27,0.08,NA,"fs-015"
1035,"r00957","SBSF","BUR",477606.33,5632164.98,27,0.13,NA,"fs-015"
1036,"r00958","SBSF","BUR",477607.04,5632164.27,27,0.13,NA,"fs-015"
1037,"r00959","SBSF","BUR",477606.48,5632163.37,27,0.1,"Totholz","fs-015"
1038,"r00962","SBSF","BUR",477855.43,5632210.52,18.4,0.22,NA,"fs-008"
1039,"r00963","SBSF","BUR",477854.53,5632216.16,31,0.44,NA,"fs-008"
1040,"r00964","SBSF","EIT",477857.75,5632210.52,23.4,0.52,NA,"fs-008"
1041,"r00965","SBSF","BUR",477851.89,5632215.04,15.5,0.16,NA,"fs-008"
1042,"r00966","SBSF","BUR",477849,5632218.7,11.7,0.21,NA,"fs-008"
1043,"r00967","SBSF","BUR",477861.32,5632214.02,8.5,0.18,NA,"fs-008"
1044,"r00968","SBSF","BUR",477853.66,5632204.44,40.4,0.35,NA,"fs-008"
1045,"r00969","SBSF","BUR",477851.75,5632205.97,20.6,0.22,NA,"fs-008"
1046,"r00970","SBSF","BUR",477850.96,5632209.34,18.7,0.24,NA,"fs-008"
1047,"r00971","SBSF","BUR",477858.22,5632219.8,10.2,0.21,NA,"fs-008"
1048,"r00972","SBSF","BUR",477854.51,5632201.57,34.5,0.3,NA,"fs-008"
1049,"r00973","SBSF","BUR",477606.29,5632163.23,27,0.18,NA,"fs-015"
1050,"r00974","SBSF","BUR",477603.54,5632162.5,27,0.18,NA,"fs-015"
1051,"r00975","SBSF","BUR",477600.54,5632161.37,27,0.15,NA,"fs-015"
1052,"r00976","SBSF","BUR",477604.03,5632160.33,27,0.21,NA,"fs-015"
1053,"r00977","SBSF","BUR",477604.11,5632159.25,27,0.11,NA,"fs-015"
1054,"r00978","SBSF","BUR",477607.32,5632159.53,27,0.1,NA,"fs-015"
1055,"r00979","SBSF","BUR",477603.03,5632155.15,27,0.2,NA,"fs-015"
1056,"r00980","SBSF","BUR",477603.41,5632154.61,27,0.09,NA,"fs-015"
1057,"r00981","SBSF","BUR",477602.93,5632157.95,27,0.15,NA,"fs-015"
1058,"r00982","SBSF","BUR",477604.64,5632154.34,27,0.18,NA,"fs-015"
1059,"r00983","SBSF","BUR",477604.52,5632153.33,27,0.18,NA,"fs-015"
1060,"r00984","SBSF","BUR",477606.83,5632152.82,27,0.11,NA,"fs-015"
1061,"r00985","SBSF","BUR",477608.57,5632157.61,27,0.29,NA,"fs-015"
1062,"r00986","SBSF","BUR",477609.38,5632158.22,27,0.08,"Totholz","fs-015"
1063,"r00987","SBSF","AHB",477611.1,5632154.77,27,0.16,NA,"fs-015"
1064,"r00988","SBSF","AHB",477612.98,5632153.01,27,0.14,NA,"fs-015"
1065,"r00989","SBSF","BUR",477614.94,5632152.71,27,0.16,NA,"fs-015"
1066,"r00990","SBSF","BUR",477617.22,5632155.26,27,0.11,"Totholz","fs-015"
1067,"r00991","SBSF","BUR",477616.83,5632155.58,27,0.18,NA,"fs-015"
1068,"r00992","SBSF","BUR",477615.93,5632157.02,27,0.13,NA,"fs-015"
1069,"r00993","SBSF","BUR",477614.63,5632157.96,27,0.18,NA,"fs-015"
1070,"r00994","SBSF","BUR",477612.85,5632159.25,27,0.11,NA,"fs-015"
1071,"r00995","SBSF","BUR",477613.42,5632158.84,27,0.25,NA,"fs-015"
1072,"r00996","SBSF","BUR",477618.23,5632157.15,27,0.18,NA,"fs-015"
1073,"r00997","SBSF","BUR",477613.69,5632159.7,27,0.18,NA,"fs-015"
1074,"r00998","SBSF","BUR",477615.33,5632158.97,27,0.13,NA,"fs-015"
1075,"r00999","SBSF","BUR",477613.16,5632160,27,0.09,NA,"fs-015"
1076,"r00767","jk","BUR",477530.41,5631784.89,NA,0.45,NA,"fs-010"
